{
  "project_info": {
    "project_number": "861128631143",
    "firebase_url": "https://class-manager-82e8f.firebaseio.com",
    "project_id": "class-manager-82e8f",
    "storage_bucket": "class-manager-82e8f.appspot.com"
  },
  "client": [
    {
      "client_info": {
        "mobilesdk_app_id": "1:861128631143:android:6d452e47a6358aa7ef45c2",
        "android_client_info": {
          "package_name": "com.luminos.developers.classmanager"
        }
      },
      "oauth_client": [
        {
          "client_id": "861128631143-e06169g26sui4s7dfrm7r25a68suul9q.apps.googleusercontent.com",
          "client_type": 1,
          "android_info": {
            "package_name": "com.luminos.developers.classmanager",
            "certificate_hash": "279d42e9a22744a865f19c1c7bcf530c5de1a5b9"
          }
        },
        {
          "client_id": "861128631143-a3nhugo8ipl633u15lgfbfdegtagr93o.apps.googleusercontent.com",
          "client_type": 3
        }
      ],
      "api_key": [
        {
          "current_key": "AIzaSyBTh1tvTIhG54H-yU8dScOdSKCVmdpmM4k"
        }
      ],
      "services": {
        "appinvite_service": {
          "other_platform_oauth_client": [
            {
              "client_id": "861128631143-a3nhugo8ipl633u15lgfbfdegtagr93o.apps.googleusercontent.com",
              "client_type": 3
            }
          ]
        }
      }
    }
  ],
  "configuration_version": "1"
}